id_discente,Disciplina,Semestre Ideal,Semestre Real,Tipo Deslocamento
2,QXD0005,SEMESTRE 01,SEMESTRE 02,Atrasado
2,QXD0029,SEMESTRE 07,SEMESTRE 02,Adiantado
2,QXD0001,SEMESTRE 01,SEMESTRE 02,Atrasado
2,QXD0038,SEMESTRE 06,SEMESTRE 02,Adiantado
2,QXD0109,SEMESTRE 01,SEMESTRE 02,Atrasado
2,QXD0010,SEMESTRE 02,SEMESTRE 03,Atrasado
2,QXD0007,SEMESTRE 02,SEMESTRE 03,Atrasado
2,QXD0021,SEMESTRE 05,SEMESTRE 03,Adiantado
2,QXD0012,SEMESTRE 03,SEMESTRE 04,Atrasado
2,QXD0007,SEMESTRE 02,SEMESTRE 05,Atrasado
4,QXD0011,SEMESTRE 04,SEMESTRE 02,Adiantado
4,QXD0001,SEMESTRE 01,SEMESTRE 02,Atrasado
4,QXD0006,SEMESTRE 02,SEMESTRE 03,Atrasado
4,QXD0013,SEMESTRE 02,SEMESTRE 03,Atrasado
4,QXD0006,SEMESTRE 02,SEMESTRE 04,Atrasado
4,QXD0038,SEMESTRE 06,SEMESTRE 04,Adiantado
4,QXD0116,SEMESTRE 04,SEMESTRE 05,Atrasado
4,QXD0006,SEMESTRE 02,SEMESTRE 05,Atrasado
4,QXD0010,SEMESTRE 02,SEMESTRE 05,Atrasado
4,QXD0012,SEMESTRE 03,SEMESTRE 05,Atrasado
9,QXD0005,SEMESTRE 01,SEMESTRE 02,Atrasado
9,QXD0109,SEMESTRE 01,SEMESTRE 02,Atrasado
9,QXD0010,SEMESTRE 02,SEMESTRE 03,Atrasado
9,QXD0008,SEMESTRE 02,SEMESTRE 03,Atrasado
9,QXD0007,SEMESTRE 02,SEMESTRE 03,Atrasado
9,QXD0013,SEMESTRE 02,SEMESTRE 03,Atrasado
9,QXD0010,SEMESTRE 02,SEMESTRE 04,Atrasado
9,QXD0040,SEMESTRE 03,SEMESTRE 04,Atrasado
9,QXD0017,SEMESTRE 03,SEMESTRE 04,Atrasado
9,QXD0007,SEMESTRE 02,SEMESTRE 04,Atrasado
9,QXD0013,SEMESTRE 02,SEMESTRE 04,Atrasado
9,QXD0116,SEMESTRE 04,SEMESTRE 05,Atrasado
9,QXD0040,SEMESTRE 03,SEMESTRE 05,Atrasado
9,QXD0114,SEMESTRE 03,SEMESTRE 05,Atrasado
9,QXD0041,SEMESTRE 04,SEMESTRE 05,Atrasado
9,QXD0116,SEMESTRE 04,SEMESTRE 06,Atrasado
9,QXD0014,SEMESTRE 04,SEMESTRE 06,Atrasado
9,QXD0006,SEMESTRE 02,SEMESTRE 06,Atrasado
9,QXD0021,SEMESTRE 05,SEMESTRE 06,Atrasado
9,QXD0006,SEMESTRE 02,SEMESTRE 07,Atrasado
9,QXD0025,SEMESTRE 05,SEMESTRE 07,Atrasado
9,QXD0012,SEMESTRE 03,SEMESTRE 07,Atrasado
9,QXD0114,SEMESTRE 03,SEMESTRE 07,Atrasado
9,QXD0021,SEMESTRE 05,SEMESTRE 07,Atrasado
9,QXD0013,SEMESTRE 02,SEMESTRE 07,Atrasado
9,QXD0038,SEMESTRE 06,SEMESTRE 08,Atrasado
9,QXD0016,SEMESTRE 04,SEMESTRE 08,Atrasado
9,QXD0041,SEMESTRE 04,SEMESTRE 08,Atrasado
10,QXD0005,SEMESTRE 01,SEMESTRE 02,Atrasado
10,QXD0056,SEMESTRE 01,SEMESTRE 02,Atrasado
10,QXD0109,SEMESTRE 01,SEMESTRE 02,Atrasado
11,QXD0005,SEMESTRE 01,SEMESTRE 02,Atrasado
11,QXD0001,SEMESTRE 01,SEMESTRE 02,Atrasado
11,QXD0056,SEMESTRE 01,SEMESTRE 02,Atrasado
11,QXD0109,SEMESTRE 01,SEMESTRE 02,Atrasado
11,QXD0001,SEMESTRE 01,SEMESTRE 03,Atrasado
11,QXD0108,SEMESTRE 01,SEMESTRE 03,Atrasado
11,QXD0005,SEMESTRE 01,SEMESTRE 04,Atrasado
11,QXD0008,SEMESTRE 02,SEMESTRE 04,Atrasado
11,QXD0008,SEMESTRE 02,SEMESTRE 05,Atrasado
11,QXD0114,SEMESTRE 03,SEMESTRE 05,Atrasado
11,QXD0007,SEMESTRE 02,SEMESTRE 05,Atrasado
11,QXD0029,SEMESTRE 07,SEMESTRE 06,Adiantado
11,QXD0008,SEMESTRE 02,SEMESTRE 06,Atrasado
11,QXD0109,SEMESTRE 01,SEMESTRE 06,Atrasado
11,QXD0007,SEMESTRE 02,SEMESTRE 06,Atrasado
11,QXD0116,SEMESTRE 04,SEMESTRE 07,Atrasado
11,QXD0038,SEMESTRE 06,SEMESTRE 07,Atrasado
12,QXD0005,SEMESTRE 01,SEMESTRE 02,Atrasado
12,QXD0006,SEMESTRE 02,SEMESTRE 03,Atrasado
12,QXD0010,SEMESTRE 02,SEMESTRE 03,Atrasado
12,QXD0008,SEMESTRE 02,SEMESTRE 03,Atrasado
12,QXD0007,SEMESTRE 02,SEMESTRE 03,Atrasado
12,QXD0010,SEMESTRE 02,SEMESTRE 04,Atrasado
12,QXD0017,SEMESTRE 03,SEMESTRE 04,Atrasado
12,QXD0012,SEMESTRE 03,SEMESTRE 04,Atrasado
12,QXD0116,SEMESTRE 04,SEMESTRE 05,Atrasado
12,QXD0019,SEMESTRE 06,SEMESTRE 05,Adiantado
12,QXD0011,SEMESTRE 04,SEMESTRE 05,Atrasado
12,QXD0016,SEMESTRE 04,SEMESTRE 05,Atrasado
12,QXD0012,SEMESTRE 03,SEMESTRE 05,Atrasado
12,QXD0014,SEMESTRE 04,SEMESTRE 06,Atrasado
12,QXD0005,SEMESTRE 01,SEMESTRE 06,Atrasado
12,QXD0010,SEMESTRE 02,SEMESTRE 06,Atrasado
12,QXD0016,SEMESTRE 04,SEMESTRE 06,Atrasado
13,QXD0001,SEMESTRE 01,SEMESTRE 02,Atrasado
13,QXD0038,SEMESTRE 06,SEMESTRE 02,Adiantado
15,QXD0115,SEMESTRE 03,SEMESTRE 01,Adiantado
15,QXD0040,SEMESTRE 03,SEMESTRE 01,Adiantado
15,QXD0017,SEMESTRE 03,SEMESTRE 01,Adiantado
15,QXD0012,SEMESTRE 03,SEMESTRE 01,Adiantado
15,QXD0114,SEMESTRE 03,SEMESTRE 01,Adiantado
15,QXD0007,SEMESTRE 02,SEMESTRE 01,Adiantado
15,QXD0014,SEMESTRE 04,SEMESTRE 02,Adiantado
15,QXD0020,SEMESTRE 05,SEMESTRE 02,Adiantado
15,QXD0011,SEMESTRE 04,SEMESTRE 02,Adiantado
15,QXD0041,SEMESTRE 04,SEMESTRE 02,Adiantado
16,QXD0013,SEMESTRE 02,SEMESTRE 03,Atrasado
16,QXD0040,SEMESTRE 03,SEMESTRE 04,Atrasado
16,QXD0017,SEMESTRE 03,SEMESTRE 04,Atrasado
16,QXD0013,SEMESTRE 02,SEMESTRE 04,Atrasado
16,QXD0116,SEMESTRE 04,SEMESTRE 05,Atrasado
16,QXD0011,SEMESTRE 04,SEMESTRE 05,Atrasado
16,QXD0040,SEMESTRE 03,SEMESTRE 05,Atrasado
16,QXD0116,SEMESTRE 04,SEMESTRE 06,Atrasado
16,QXD0014,SEMESTRE 04,SEMESTRE 06,Atrasado
16,QXD0016,SEMESTRE 04,SEMESTRE 06,Atrasado
16,QXD0025,SEMESTRE 05,SEMESTRE 07,Atrasado
16,QXD0019,SEMESTRE 06,SEMESTRE 07,Atrasado
16,QXD0012,SEMESTRE 03,SEMESTRE 07,Atrasado
16,QXD0013,SEMESTRE 02,SEMESTRE 07,Atrasado
16,QXD0025,SEMESTRE 05,SEMESTRE 08,Atrasado
16,QXD0029,SEMESTRE 07,SEMESTRE 08,Atrasado
16,QXD0019,SEMESTRE 06,SEMESTRE 08,Atrasado
16,QXD0016,SEMESTRE 04,SEMESTRE 08,Atrasado
16,QXD0046,SEMESTRE 06,SEMESTRE 08,Atrasado
16,QXD0006,SEMESTRE 02,SEMESTRE 09,Atrasado
16,QXD0012,SEMESTRE 03,SEMESTRE 09,Atrasado
18,QXD0001,SEMESTRE 01,SEMESTRE 02,Atrasado
18,QXD0056,SEMESTRE 01,SEMESTRE 02,Atrasado
18,QXD0001,SEMESTRE 01,SEMESTRE 03,Atrasado
18,QXD0021,SEMESTRE 05,SEMESTRE 03,Adiantado
19,QXD0109,SEMESTRE 01,SEMESTRE 02,Atrasado
19,QXD0007,SEMESTRE 02,SEMESTRE 03,Atrasado
19,QXD0006,SEMESTRE 02,SEMESTRE 04,Atrasado
19,QXD0017,SEMESTRE 03,SEMESTRE 04,Atrasado
19,QXD0116,SEMESTRE 04,SEMESTRE 05,Atrasado
19,QXD0006,SEMESTRE 02,SEMESTRE 05,Atrasado
19,QXD0041,SEMESTRE 04,SEMESTRE 05,Atrasado
19,QXD0014,SEMESTRE 04,SEMESTRE 06,Atrasado
19,QXD0021,SEMESTRE 05,SEMESTRE 06,Atrasado
19,QXD0025,SEMESTRE 05,SEMESTRE 07,Atrasado
19,QXD0119,SEMESTRE 05,SEMESTRE 07,Atrasado
19,QXD0120,SEMESTRE 05,SEMESTRE 07,Atrasado
19,QXD0041,SEMESTRE 04,SEMESTRE 07,Atrasado
19,QXD0021,SEMESTRE 05,SEMESTRE 07,Atrasado
19,QXD0013,SEMESTRE 02,SEMESTRE 07,Atrasado
19,QXD0025,SEMESTRE 05,SEMESTRE 08,Atrasado
19,QXD0029,SEMESTRE 07,SEMESTRE 08,Atrasado
19,QXD0043,SEMESTRE 06,SEMESTRE 08,Atrasado
19,QXD0046,SEMESTRE 06,SEMESTRE 08,Atrasado
19,QXD0025,SEMESTRE 05,SEMESTRE 09,Atrasado
19,QXD0119,SEMESTRE 05,SEMESTRE 09,Atrasado
19,QXD0120,SEMESTRE 05,SEMESTRE 09,Atrasado
19,QXD0119,SEMESTRE 05,SEMESTRE 10,Atrasado
22,QXD0116,SEMESTRE 04,SEMESTRE 02,Adiantado
22,QXD0056,SEMESTRE 01,SEMESTRE 02,Atrasado
22,QXD0109,SEMESTRE 01,SEMESTRE 02,Atrasado
23,QXD0056,SEMESTRE 01,SEMESTRE 02,Atrasado
23,QXD0010,SEMESTRE 02,SEMESTRE 03,Atrasado
23,QXD0008,SEMESTRE 02,SEMESTRE 03,Atrasado
23,QXD0013,SEMESTRE 02,SEMESTRE 03,Atrasado
23,QXD0010,SEMESTRE 02,SEMESTRE 04,Atrasado
23,QXD0040,SEMESTRE 03,SEMESTRE 04,Atrasado
23,QXD0017,SEMESTRE 03,SEMESTRE 04,Atrasado
23,QXD0115,SEMESTRE 03,SEMESTRE 05,Atrasado
23,QXD0016,SEMESTRE 04,SEMESTRE 05,Atrasado
23,QXD0012,SEMESTRE 03,SEMESTRE 05,Atrasado
23,QXD0116,SEMESTRE 04,SEMESTRE 06,Atrasado
23,QXD0014,SEMESTRE 04,SEMESTRE 06,Atrasado
23,QXD0025,SEMESTRE 05,SEMESTRE 07,Atrasado
23,QXD0119,SEMESTRE 05,SEMESTRE 07,Atrasado
23,QXD0115,SEMESTRE 03,SEMESTRE 07,Atrasado
23,QXD0120,SEMESTRE 05,SEMESTRE 07,Atrasado
23,QXD0041,SEMESTRE 04,SEMESTRE 07,Atrasado
23,QXD0006,SEMESTRE 02,SEMESTRE 08,Atrasado
23,QXD0025,SEMESTRE 05,SEMESTRE 08,Atrasado
23,QXD0029,SEMESTRE 07,SEMESTRE 08,Atrasado
23,QXD0037,SEMESTRE 06,SEMESTRE 08,Atrasado
23,QXD0120,SEMESTRE 05,SEMESTRE 09,Atrasado
23,QXD0110,SEMESTRE 07,SEMESTRE 09,Atrasado
23,QXD0043,SEMESTRE 06,SEMESTRE 09,Atrasado
23,QXD0119,SEMESTRE 05,SEMESTRE 10,Atrasado
23,QXD0043,SEMESTRE 06,SEMESTRE 10,Atrasado
23,QXD0115,SEMESTRE 03,SEMESTRE 11,Atrasado
23,QXD0110,SEMESTRE 07,SEMESTRE 11,Atrasado
27,QXD0005,SEMESTRE 01,SEMESTRE 02,Atrasado
27,QXD0001,SEMESTRE 01,SEMESTRE 02,Atrasado
27,QXD0109,SEMESTRE 01,SEMESTRE 02,Atrasado
27,QXD0010,SEMESTRE 02,SEMESTRE 03,Atrasado
27,QXD0007,SEMESTRE 02,SEMESTRE 03,Atrasado
27,QXD0006,SEMESTRE 02,SEMESTRE 04,Atrasado
27,QXD0010,SEMESTRE 02,SEMESTRE 04,Atrasado
27,QXD0010,SEMESTRE 02,SEMESTRE 05,Atrasado
27,QXD0040,SEMESTRE 03,SEMESTRE 05,Atrasado
27,QXD0017,SEMESTRE 03,SEMESTRE 05,Atrasado
27,QXD0016,SEMESTRE 04,SEMESTRE 06,Atrasado
27,QXD0041,SEMESTRE 04,SEMESTRE 06,Atrasado
27,QXD0025,SEMESTRE 05,SEMESTRE 07,Atrasado
27,QXD0119,SEMESTRE 05,SEMESTRE 07,Atrasado
27,QXD0020,SEMESTRE 05,SEMESTRE 07,Atrasado
27,QXD0041,SEMESTRE 04,SEMESTRE 07,Atrasado
27,QXD0021,SEMESTRE 05,SEMESTRE 07,Atrasado
27,QXD0014,SEMESTRE 04,SEMESTRE 08,Atrasado
27,QXD0006,SEMESTRE 02,SEMESTRE 08,Atrasado
27,QXD0013,SEMESTRE 02,SEMESTRE 08,Atrasado
27,QXD0046,SEMESTRE 06,SEMESTRE 08,Atrasado
27,QXD0006,SEMESTRE 02,SEMESTRE 09,Atrasado
27,QXD0115,SEMESTRE 03,SEMESTRE 09,Atrasado
27,QXD0114,SEMESTRE 03,SEMESTRE 09,Atrasado
27,QXD0021,SEMESTRE 05,SEMESTRE 09,Atrasado
27,QXD0013,SEMESTRE 02,SEMESTRE 09,Atrasado
27,QXD0006,SEMESTRE 02,SEMESTRE 10,Atrasado
28,QXD0005,SEMESTRE 01,SEMESTRE 02,Atrasado
28,QXD0011,SEMESTRE 04,SEMESTRE 02,Adiantado
28,QXD0001,SEMESTRE 01,SEMESTRE 02,Atrasado
28,QXD0056,SEMESTRE 01,SEMESTRE 02,Atrasado
28,QXD0109,SEMESTRE 01,SEMESTRE 02,Atrasado
28,QXD0010,SEMESTRE 02,SEMESTRE 03,Atrasado
28,QXD0008,SEMESTRE 02,SEMESTRE 03,Atrasado
28,QXD0109,SEMESTRE 01,SEMESTRE 03,Atrasado
28,QXD0007,SEMESTRE 02,SEMESTRE 03,Atrasado
28,QXD0013,SEMESTRE 02,SEMESTRE 03,Atrasado
28,QXD0010,SEMESTRE 02,SEMESTRE 04,Atrasado
28,QXD0017,SEMESTRE 03,SEMESTRE 04,Atrasado
28,QXD0109,SEMESTRE 01,SEMESTRE 04,Atrasado
28,QXD0013,SEMESTRE 02,SEMESTRE 04,Atrasado
28,QXD0010,SEMESTRE 02,SEMESTRE 05,Atrasado
28,QXD0040,SEMESTRE 03,SEMESTRE 05,Atrasado
28,QXD0012,SEMESTRE 03,SEMESTRE 05,Atrasado
28,QXD0007,SEMESTRE 02,SEMESTRE 05,Atrasado
28,QXD0029,SEMESTRE 07,SEMESTRE 06,Adiantado
28,QXD0010,SEMESTRE 02,SEMESTRE 06,Atrasado
28,QXD0017,SEMESTRE 03,SEMESTRE 06,Atrasado
28,QXD0007,SEMESTRE 02,SEMESTRE 06,Atrasado
28,QXD0014,SEMESTRE 04,SEMESTRE 07,Atrasado
28,QXD0020,SEMESTRE 05,SEMESTRE 07,Atrasado
28,QXD0010,SEMESTRE 02,SEMESTRE 07,Atrasado
28,QXD0016,SEMESTRE 04,SEMESTRE 07,Atrasado
28,QXD0010,SEMESTRE 02,SEMESTRE 08,Atrasado
28,QXD0040,SEMESTRE 03,SEMESTRE 08,Atrasado
28,QXD0017,SEMESTRE 03,SEMESTRE 08,Atrasado
28,QXD0021,SEMESTRE 05,SEMESTRE 08,Atrasado
28,QXD0020,SEMESTRE 05,SEMESTRE 09,Atrasado
28,QXD0011,SEMESTRE 04,SEMESTRE 09,Atrasado
28,QXD0040,SEMESTRE 03,SEMESTRE 09,Atrasado
28,QXD0017,SEMESTRE 03,SEMESTRE 09,Atrasado
28,QXD0029,SEMESTRE 07,SEMESTRE 10,Atrasado
28,QXD0019,SEMESTRE 06,SEMESTRE 10,Atrasado
28,QXD0011,SEMESTRE 04,SEMESTRE 10,Atrasado
28,QXD0017,SEMESTRE 03,SEMESTRE 10,Atrasado
28,QXD0040,SEMESTRE 03,SEMESTRE 11,Atrasado
28,QXD0017,SEMESTRE 03,SEMESTRE 11,Atrasado
28,QXD0114,SEMESTRE 03,SEMESTRE 11,Atrasado
30,QXD0029,SEMESTRE 07,SEMESTRE 03,Adiantado
30,QXD0010,SEMESTRE 02,SEMESTRE 03,Atrasado
30,QXD0008,SEMESTRE 02,SEMESTRE 03,Atrasado
30,QXD0007,SEMESTRE 02,SEMESTRE 03,Atrasado
30,QXD0013,SEMESTRE 02,SEMESTRE 03,Atrasado
30,QXD0006,SEMESTRE 02,SEMESTRE 04,Atrasado
30,QXD0010,SEMESTRE 02,SEMESTRE 04,Atrasado
30,QXD0008,SEMESTRE 02,SEMESTRE 04,Atrasado
30,QXD0013,SEMESTRE 02,SEMESTRE 04,Atrasado
30,QXD0019,SEMESTRE 06,SEMESTRE 05,Adiantado
30,QXD0010,SEMESTRE 02,SEMESTRE 05,Atrasado
30,QXD0008,SEMESTRE 02,SEMESTRE 05,Atrasado
30,QXD0012,SEMESTRE 03,SEMESTRE 05,Atrasado
30,QXD0114,SEMESTRE 03,SEMESTRE 05,Atrasado
30,QXD0007,SEMESTRE 02,SEMESTRE 05,Atrasado
30,QXD0013,SEMESTRE 02,SEMESTRE 05,Atrasado
30,QXD0116,SEMESTRE 04,SEMESTRE 06,Atrasado
30,QXD0010,SEMESTRE 02,SEMESTRE 06,Atrasado
30,QXD0011,SEMESTRE 04,SEMESTRE 06,Atrasado
30,QXD0008,SEMESTRE 02,SEMESTRE 06,Atrasado
30,QXD0007,SEMESTRE 02,SEMESTRE 06,Atrasado
30,QXD0010,SEMESTRE 02,SEMESTRE 07,Atrasado
30,QXD0016,SEMESTRE 04,SEMESTRE 07,Atrasado
30,QXD0008,SEMESTRE 02,SEMESTRE 07,Atrasado
30,QXD0114,SEMESTRE 03,SEMESTRE 07,Atrasado
30,QXD0021,SEMESTRE 05,SEMESTRE 07,Atrasado
30,QXD0014,SEMESTRE 04,SEMESTRE 08,Atrasado
30,QXD0006,SEMESTRE 02,SEMESTRE 08,Atrasado
30,QXD0011,SEMESTRE 04,SEMESTRE 08,Atrasado
30,QXD0008,SEMESTRE 02,SEMESTRE 08,Atrasado
30,QXD0021,SEMESTRE 05,SEMESTRE 08,Atrasado
30,QXD0014,SEMESTRE 04,SEMESTRE 09,Atrasado
30,QXD0010,SEMESTRE 02,SEMESTRE 09,Atrasado
30,QXD0011,SEMESTRE 04,SEMESTRE 09,Atrasado
30,QXD0008,SEMESTRE 02,SEMESTRE 09,Atrasado
30,QXD0020,SEMESTRE 05,SEMESTRE 10,Atrasado
30,QXD0019,SEMESTRE 06,SEMESTRE 10,Atrasado
30,QXD0038,SEMESTRE 06,SEMESTRE 10,Atrasado
30,QXD0014,SEMESTRE 04,SEMESTRE 11,Atrasado
30,QXD0020,SEMESTRE 05,SEMESTRE 11,Atrasado
30,QXD0019,SEMESTRE 06,SEMESTRE 11,Atrasado
30,QXD0011,SEMESTRE 04,SEMESTRE 11,Atrasado
30,QXD0008,SEMESTRE 02,SEMESTRE 11,Atrasado
31,QXD0001,SEMESTRE 01,SEMESTRE 02,Atrasado
31,QXD0109,SEMESTRE 01,SEMESTRE 02,Atrasado
31,QXD0001,SEMESTRE 01,SEMESTRE 04,Atrasado
32,QXD0005,SEMESTRE 01,SEMESTRE 02,Atrasado
32,QXD0011,SEMESTRE 04,SEMESTRE 02,Adiantado
32,QXD0056,SEMESTRE 01,SEMESTRE 02,Atrasado
32,QXD0109,SEMESTRE 01,SEMESTRE 02,Atrasado
32,QXD0029,SEMESTRE 07,SEMESTRE 03,Adiantado
32,QXD0010,SEMESTRE 02,SEMESTRE 03,Atrasado
32,QXD0008,SEMESTRE 02,SEMESTRE 03,Atrasado
32,QXD0109,SEMESTRE 01,SEMESTRE 03,Atrasado
32,QXD0007,SEMESTRE 02,SEMESTRE 03,Atrasado
32,QXD0013,SEMESTRE 02,SEMESTRE 03,Atrasado
32,QXD0010,SEMESTRE 02,SEMESTRE 04,Atrasado
32,QXD0038,SEMESTRE 06,SEMESTRE 04,Adiantado
32,QXD0017,SEMESTRE 03,SEMESTRE 04,Atrasado
32,QXD0012,SEMESTRE 03,SEMESTRE 04,Atrasado
32,QXD0010,SEMESTRE 02,SEMESTRE 05,Atrasado
32,QXD0040,SEMESTRE 03,SEMESTRE 05,Atrasado
32,QXD0109,SEMESTRE 01,SEMESTRE 05,Atrasado
32,QXD0114,SEMESTRE 03,SEMESTRE 05,Atrasado
38,QXD0001,SEMESTRE 01,SEMESTRE 02,Atrasado
38,QXD0109,SEMESTRE 01,SEMESTRE 02,Atrasado
38,QXD0010,SEMESTRE 02,SEMESTRE 03,Atrasado
38,QXD0008,SEMESTRE 02,SEMESTRE 03,Atrasado
38,QXD0109,SEMESTRE 01,SEMESTRE 03,Atrasado
38,QXD0007,SEMESTRE 02,SEMESTRE 03,Atrasado
38,QXD0008,SEMESTRE 02,SEMESTRE 04,Atrasado
38,QXD0012,SEMESTRE 03,SEMESTRE 04,Atrasado
38,QXD0116,SEMESTRE 04,SEMESTRE 05,Atrasado
38,QXD0040,SEMESTRE 03,SEMESTRE 05,Atrasado
38,QXD0017,SEMESTRE 03,SEMESTRE 05,Atrasado
38,QXD0012,SEMESTRE 03,SEMESTRE 05,Atrasado
38,QXD0016,SEMESTRE 04,SEMESTRE 06,Atrasado
38,QXD0014,SEMESTRE 04,SEMESTRE 07,Atrasado
38,QXD0020,SEMESTRE 05,SEMESTRE 07,Atrasado
38,QXD0115,SEMESTRE 03,SEMESTRE 07,Atrasado
38,QXD0038,SEMESTRE 06,SEMESTRE 07,Atrasado
38,QXD0041,SEMESTRE 04,SEMESTRE 07,Atrasado
38,QXD0021,SEMESTRE 05,SEMESTRE 07,Atrasado
38,QXD0020,SEMESTRE 05,SEMESTRE 08,Atrasado
38,QXD0029,SEMESTRE 07,SEMESTRE 08,Atrasado
38,QXD0038,SEMESTRE 06,SEMESTRE 08,Atrasado
38,QXD0109,SEMESTRE 01,SEMESTRE 08,Atrasado
38,QXD0021,SEMESTRE 05,SEMESTRE 08,Atrasado
38,QXD0025,SEMESTRE 05,SEMESTRE 09,Atrasado
39,QXD0056,SEMESTRE 01,SEMESTRE 02,Atrasado
39,QXD0008,SEMESTRE 02,SEMESTRE 03,Atrasado
39,QXD0007,SEMESTRE 02,SEMESTRE 03,Atrasado
39,QXD0013,SEMESTRE 02,SEMESTRE 03,Atrasado
39,QXD0040,SEMESTRE 03,SEMESTRE 04,Atrasado
39,QXD0006,SEMESTRE 02,SEMESTRE 05,Atrasado
39,QXD0017,SEMESTRE 03,SEMESTRE 05,Atrasado
39,QXD0116,SEMESTRE 04,SEMESTRE 06,Atrasado
39,QXD0025,SEMESTRE 05,SEMESTRE 07,Atrasado
39,QXD0119,SEMESTRE 05,SEMESTRE 07,Atrasado
39,QXD0011,SEMESTRE 04,SEMESTRE 07,Atrasado
39,QXD0120,SEMESTRE 05,SEMESTRE 07,Atrasado
39,QXD0041,SEMESTRE 04,SEMESTRE 07,Atrasado
39,QXD0025,SEMESTRE 05,SEMESTRE 08,Atrasado
39,QXD0029,SEMESTRE 07,SEMESTRE 08,Atrasado
39,QXD0011,SEMESTRE 04,SEMESTRE 08,Atrasado
39,QXD0046,SEMESTRE 06,SEMESTRE 08,Atrasado
39,QXD0025,SEMESTRE 05,SEMESTRE 09,Atrasado
39,QXD0119,SEMESTRE 05,SEMESTRE 09,Atrasado
39,QXD0120,SEMESTRE 05,SEMESTRE 09,Atrasado
39,QXD0029,SEMESTRE 07,SEMESTRE 10,Atrasado
39,QXD0011,SEMESTRE 04,SEMESTRE 10,Atrasado
39,QXD0037,SEMESTRE 06,SEMESTRE 10,Atrasado
39,QXD0046,SEMESTRE 06,SEMESTRE 10,Atrasado
39,QXD0025,SEMESTRE 05,SEMESTRE 11,Atrasado
39,QXD0011,SEMESTRE 04,SEMESTRE 11,Atrasado
39,QXD0120,SEMESTRE 05,SEMESTRE 11,Atrasado
39,QXD0011,SEMESTRE 04,SEMESTRE 12,Atrasado
39,QXD0037,SEMESTRE 06,SEMESTRE 12,Atrasado
39,QXD0046,SEMESTRE 06,SEMESTRE 12,Atrasado
39,QXD0025,SEMESTRE 05,SEMESTRE 13,Atrasado
39,QXD0119,SEMESTRE 05,SEMESTRE 13,Atrasado
39,QXD0011,SEMESTRE 04,SEMESTRE 13,Atrasado
39,QXD0119,SEMESTRE 05,SEMESTRE 14,Atrasado
39,QXD0046,SEMESTRE 06,SEMESTRE 14,Atrasado
39,QXD0119,SEMESTRE 05,SEMESTRE 15,Atrasado
39,QXD0025,SEMESTRE 05,SEMESTRE 16,Atrasado
39,QXD0110,SEMESTRE 07,SEMESTRE 16,Atrasado
39,QXD0046,SEMESTRE 06,SEMESTRE 16,Atrasado
44,QXD0109,SEMESTRE 01,SEMESTRE 02,Atrasado
44,QXD0008,SEMESTRE 02,SEMESTRE 03,Atrasado
44,QXD0007,SEMESTRE 02,SEMESTRE 03,Atrasado
44,QXD0013,SEMESTRE 02,SEMESTRE 03,Atrasado
44,QXD0010,SEMESTRE 02,SEMESTRE 04,Atrasado
44,QXD0109,SEMESTRE 01,SEMESTRE 04,Atrasado
44,QXD0012,SEMESTRE 03,SEMESTRE 04,Atrasado
44,QXD0115,SEMESTRE 03,SEMESTRE 05,Atrasado
44,QXD0008,SEMESTRE 02,SEMESTRE 05,Atrasado
44,QXD0012,SEMESTRE 03,SEMESTRE 05,Atrasado
44,QXD0114,SEMESTRE 03,SEMESTRE 05,Atrasado
44,QXD0014,SEMESTRE 04,SEMESTRE 06,Atrasado
44,QXD0011,SEMESTRE 04,SEMESTRE 06,Atrasado
44,QXD0016,SEMESTRE 04,SEMESTRE 06,Atrasado
44,QXD0040,SEMESTRE 03,SEMESTRE 06,Atrasado
44,QXD0041,SEMESTRE 04,SEMESTRE 06,Atrasado
44,QXD0115,SEMESTRE 03,SEMESTRE 07,Atrasado
44,QXD0016,SEMESTRE 04,SEMESTRE 07,Atrasado
44,QXD0012,SEMESTRE 03,SEMESTRE 07,Atrasado
44,QXD0114,SEMESTRE 03,SEMESTRE 07,Atrasado
44,QXD0041,SEMESTRE 04,SEMESTRE 07,Atrasado
44,QXD0019,SEMESTRE 06,SEMESTRE 08,Atrasado
44,QXD0040,SEMESTRE 03,SEMESTRE 08,Atrasado
44,QXD0017,SEMESTRE 03,SEMESTRE 08,Atrasado
44,QXD0043,SEMESTRE 06,SEMESTRE 08,Atrasado
44,QXD0020,SEMESTRE 05,SEMESTRE 09,Atrasado
44,QXD0029,SEMESTRE 07,SEMESTRE 09,Atrasado
44,QXD0011,SEMESTRE 04,SEMESTRE 09,Atrasado
44,QXD0040,SEMESTRE 03,SEMESTRE 09,Atrasado
44,QXD0109,SEMESTRE 01,SEMESTRE 09,Atrasado
44,QXD0114,SEMESTRE 03,SEMESTRE 09,Atrasado
44,QXD0038,SEMESTRE 06,SEMESTRE 10,Atrasado
44,QXD0017,SEMESTRE 03,SEMESTRE 10,Atrasado
46,QXD0025,SEMESTRE 05,SEMESTRE 04,Adiantado
46,QXD0119,SEMESTRE 05,SEMESTRE 04,Adiantado
46,QXD0120,SEMESTRE 05,SEMESTRE 04,Adiantado
46,QXD0021,SEMESTRE 05,SEMESTRE 04,Adiantado
46,QXD0011,SEMESTRE 04,SEMESTRE 05,Atrasado
46,QXD0037,SEMESTRE 06,SEMESTRE 05,Adiantado
46,QXD0016,SEMESTRE 04,SEMESTRE 05,Atrasado
46,QXD0041,SEMESTRE 04,SEMESTRE 05,Atrasado
46,QXD0046,SEMESTRE 06,SEMESTRE 05,Adiantado
46,QXD0116,SEMESTRE 04,SEMESTRE 06,Atrasado
46,QXD0041,SEMESTRE 04,SEMESTRE 06,Atrasado
46,QXD0037,SEMESTRE 06,SEMESTRE 07,Atrasado
46,QXD0016,SEMESTRE 04,SEMESTRE 07,Atrasado
46,QXD0046,SEMESTRE 06,SEMESTRE 07,Atrasado
46,QXD0025,SEMESTRE 05,SEMESTRE 08,Atrasado
46,QXD0011,SEMESTRE 04,SEMESTRE 08,Atrasado
46,QXD0021,SEMESTRE 05,SEMESTRE 08,Atrasado
46,QXD0014,SEMESTRE 04,SEMESTRE 09,Atrasado
46,QXD0119,SEMESTRE 05,SEMESTRE 09,Atrasado
46,QXD0019,SEMESTRE 06,SEMESTRE 09,Atrasado
46,QXD0011,SEMESTRE 04,SEMESTRE 09,Atrasado
46,QXD0014,SEMESTRE 04,SEMESTRE 10,Atrasado
46,QXD0025,SEMESTRE 05,SEMESTRE 10,Atrasado
46,QXD0119,SEMESTRE 05,SEMESTRE 10,Atrasado
46,QXD0020,SEMESTRE 05,SEMESTRE 10,Atrasado
46,QXD0021,SEMESTRE 05,SEMESTRE 10,Atrasado
46,QXD0043,SEMESTRE 06,SEMESTRE 10,Atrasado
46,QXD0014,SEMESTRE 04,SEMESTRE 11,Atrasado
46,QXD0020,SEMESTRE 05,SEMESTRE 11,Atrasado
46,QXD0043,SEMESTRE 06,SEMESTRE 11,Atrasado
46,QXD0014,SEMESTRE 04,SEMESTRE 12,Atrasado
46,QXD0119,SEMESTRE 05,SEMESTRE 12,Atrasado
46,QXD0020,SEMESTRE 05,SEMESTRE 12,Atrasado
46,QXD0043,SEMESTRE 06,SEMESTRE 12,Atrasado
47,QXD0010,SEMESTRE 02,SEMESTRE 03,Atrasado
47,QXD0017,SEMESTRE 03,SEMESTRE 04,Atrasado
47,QXD0115,SEMESTRE 03,SEMESTRE 05,Atrasado
47,QXD0040,SEMESTRE 03,SEMESTRE 05,Atrasado
47,QXD0041,SEMESTRE 04,SEMESTRE 06,Atrasado
47,QXD0025,SEMESTRE 05,SEMESTRE 07,Atrasado
47,QXD0119,SEMESTRE 05,SEMESTRE 07,Atrasado
47,QXD0020,SEMESTRE 05,SEMESTRE 07,Atrasado
48,QXD0020,SEMESTRE 05,SEMESTRE 01,Adiantado
48,QXD0115,SEMESTRE 03,SEMESTRE 01,Adiantado
48,QXD0016,SEMESTRE 04,SEMESTRE 01,Adiantado
48,QXD0114,SEMESTRE 03,SEMESTRE 01,Adiantado
48,QXD0021,SEMESTRE 05,SEMESTRE 01,Adiantado
48,QXD0116,SEMESTRE 04,SEMESTRE 02,Adiantado
48,QXD0038,SEMESTRE 06,SEMESTRE 02,Adiantado
48,QXD0041,SEMESTRE 04,SEMESTRE 02,Adiantado
48,QXD0119,SEMESTRE 05,SEMESTRE 03,Adiantado
48,QXD0019,SEMESTRE 06,SEMESTRE 03,Adiantado
48,QXD0120,SEMESTRE 05,SEMESTRE 03,Adiantado
48,QXD0110,SEMESTRE 07,SEMESTRE 03,Adiantado
48,QXD0037,SEMESTRE 06,SEMESTRE 04,Adiantado
48,QXD0043,SEMESTRE 06,SEMESTRE 04,Adiantado
48,QXD0046,SEMESTRE 06,SEMESTRE 04,Adiantado
50,QXD0005,SEMESTRE 01,SEMESTRE 02,Atrasado
50,QXD0056,SEMESTRE 01,SEMESTRE 02,Atrasado
50,QXD0109,SEMESTRE 01,SEMESTRE 02,Atrasado
50,QXD0056,SEMESTRE 01,SEMESTRE 03,Atrasado
50,QXD0109,SEMESTRE 01,SEMESTRE 03,Atrasado
50,QXD0007,SEMESTRE 02,SEMESTRE 03,Atrasado
50,QXD0008,SEMESTRE 02,SEMESTRE 04,Atrasado
50,QXD0014,SEMESTRE 04,SEMESTRE 05,Atrasado
50,QXD0005,SEMESTRE 01,SEMESTRE 05,Atrasado
50,QXD0029,SEMESTRE 07,SEMESTRE 05,Adiantado
50,QXD0008,SEMESTRE 02,SEMESTRE 05,Atrasado
50,QXD0040,SEMESTRE 03,SEMESTRE 06,Atrasado
50,QXD0017,SEMESTRE 03,SEMESTRE 06,Atrasado
50,QXD0041,SEMESTRE 04,SEMESTRE 06,Atrasado
50,QXD0013,SEMESTRE 02,SEMESTRE 06,Atrasado
50,QXD0006,SEMESTRE 02,SEMESTRE 07,Atrasado
50,QXD0115,SEMESTRE 03,SEMESTRE 07,Atrasado
50,QXD0017,SEMESTRE 03,SEMESTRE 07,Atrasado
50,QXD0041,SEMESTRE 04,SEMESTRE 07,Atrasado
50,QXD0014,SEMESTRE 04,SEMESTRE 08,Atrasado
50,QXD0006,SEMESTRE 02,SEMESTRE 08,Atrasado
50,QXD0016,SEMESTRE 04,SEMESTRE 08,Atrasado
50,QXD0013,SEMESTRE 02,SEMESTRE 08,Atrasado
50,QXD0020,SEMESTRE 05,SEMESTRE 09,Atrasado
50,QXD0115,SEMESTRE 03,SEMESTRE 09,Atrasado
50,QXD0011,SEMESTRE 04,SEMESTRE 09,Atrasado
50,QXD0040,SEMESTRE 03,SEMESTRE 09,Atrasado
50,QXD0013,SEMESTRE 02,SEMESTRE 09,Atrasado
50,QXD0116,SEMESTRE 04,SEMESTRE 10,Atrasado
50,QXD0016,SEMESTRE 04,SEMESTRE 10,Atrasado
50,QXD0012,SEMESTRE 03,SEMESTRE 10,Atrasado
50,QXD0013,SEMESTRE 02,SEMESTRE 10,Atrasado
50,QXD0029,SEMESTRE 07,SEMESTRE 11,Atrasado
50,QXD0040,SEMESTRE 03,SEMESTRE 11,Atrasado
50,QXD0043,SEMESTRE 06,SEMESTRE 11,Atrasado
50,QXD0116,SEMESTRE 04,SEMESTRE 12,Atrasado
50,QXD0019,SEMESTRE 06,SEMESTRE 12,Atrasado
50,QXD0040,SEMESTRE 03,SEMESTRE 12,Atrasado
50,QXD0021,SEMESTRE 05,SEMESTRE 12,Atrasado
50,QXD0116,SEMESTRE 04,SEMESTRE 13,Atrasado
50,QXD0040,SEMESTRE 03,SEMESTRE 13,Atrasado
50,QXD0021,SEMESTRE 05,SEMESTRE 13,Atrasado
50,QXD0116,SEMESTRE 04,SEMESTRE 14,Atrasado
50,QXD0040,SEMESTRE 03,SEMESTRE 14,Atrasado
50,QXD0021,SEMESTRE 05,SEMESTRE 14,Atrasado
51,QXD0005,SEMESTRE 01,SEMESTRE 02,Atrasado
51,QXD0109,SEMESTRE 01,SEMESTRE 02,Atrasado
51,QXD0008,SEMESTRE 02,SEMESTRE 03,Atrasado
51,QXD0109,SEMESTRE 01,SEMESTRE 03,Atrasado
51,QXD0007,SEMESTRE 02,SEMESTRE 03,Atrasado
51,QXD0013,SEMESTRE 02,SEMESTRE 03,Atrasado
51,QXD0010,SEMESTRE 02,SEMESTRE 04,Atrasado
51,QXD0008,SEMESTRE 02,SEMESTRE 04,Atrasado
51,QXD0109,SEMESTRE 01,SEMESTRE 04,Atrasado
51,QXD0007,SEMESTRE 02,SEMESTRE 04,Atrasado
51,QXD0010,SEMESTRE 02,SEMESTRE 05,Atrasado
51,QXD0040,SEMESTRE 03,SEMESTRE 05,Atrasado
51,QXD0017,SEMESTRE 03,SEMESTRE 05,Atrasado
51,QXD0012,SEMESTRE 03,SEMESTRE 05,Atrasado
51,QXD0114,SEMESTRE 03,SEMESTRE 05,Atrasado
51,QXD0007,SEMESTRE 02,SEMESTRE 05,Atrasado
51,QXD0116,SEMESTRE 04,SEMESTRE 06,Atrasado
51,QXD0014,SEMESTRE 04,SEMESTRE 06,Atrasado
51,QXD0010,SEMESTRE 02,SEMESTRE 06,Atrasado
51,QXD0011,SEMESTRE 04,SEMESTRE 06,Atrasado
51,QXD0017,SEMESTRE 03,SEMESTRE 06,Atrasado
52,QXD0005,SEMESTRE 01,SEMESTRE 02,Atrasado
52,QXD0056,SEMESTRE 01,SEMESTRE 02,Atrasado
52,QXD0109,SEMESTRE 01,SEMESTRE 02,Atrasado
53,QXD0020,SEMESTRE 05,SEMESTRE 03,Adiantado
53,QXD0008,SEMESTRE 02,SEMESTRE 03,Atrasado
53,QXD0013,SEMESTRE 02,SEMESTRE 03,Atrasado
53,QXD0010,SEMESTRE 02,SEMESTRE 04,Atrasado
53,QXD0008,SEMESTRE 02,SEMESTRE 04,Atrasado
53,QXD0029,SEMESTRE 07,SEMESTRE 05,Adiantado
53,QXD0010,SEMESTRE 02,SEMESTRE 05,Atrasado
53,QXD0040,SEMESTRE 03,SEMESTRE 05,Atrasado
53,QXD0017,SEMESTRE 03,SEMESTRE 05,Atrasado
53,QXD0012,SEMESTRE 03,SEMESTRE 05,Atrasado
53,QXD0114,SEMESTRE 03,SEMESTRE 05,Atrasado
54,QXD0116,SEMESTRE 04,SEMESTRE 02,Adiantado
54,QXD0011,SEMESTRE 04,SEMESTRE 02,Adiantado
54,QXD0001,SEMESTRE 01,SEMESTRE 02,Atrasado
54,QXD0038,SEMESTRE 06,SEMESTRE 02,Adiantado
54,QXD0056,SEMESTRE 01,SEMESTRE 02,Atrasado
54,QXD0109,SEMESTRE 01,SEMESTRE 02,Atrasado
55,QXD0116,SEMESTRE 04,SEMESTRE 02,Adiantado
55,QXD0011,SEMESTRE 04,SEMESTRE 02,Adiantado
55,QXD0001,SEMESTRE 01,SEMESTRE 02,Atrasado
55,QXD0056,SEMESTRE 01,SEMESTRE 02,Atrasado
55,QXD0109,SEMESTRE 01,SEMESTRE 02,Atrasado
55,QXD0006,SEMESTRE 02,SEMESTRE 03,Atrasado
55,QXD0010,SEMESTRE 02,SEMESTRE 03,Atrasado
55,QXD0056,SEMESTRE 01,SEMESTRE 03,Atrasado
55,QXD0007,SEMESTRE 02,SEMESTRE 03,Atrasado
55,QXD0006,SEMESTRE 02,SEMESTRE 04,Atrasado
55,QXD0008,SEMESTRE 02,SEMESTRE 04,Atrasado
55,QXD0012,SEMESTRE 03,SEMESTRE 04,Atrasado
55,QXD0115,SEMESTRE 03,SEMESTRE 05,Atrasado
55,QXD0016,SEMESTRE 04,SEMESTRE 05,Atrasado
55,QXD0008,SEMESTRE 02,SEMESTRE 05,Atrasado
55,QXD0114,SEMESTRE 03,SEMESTRE 05,Atrasado
55,QXD0116,SEMESTRE 04,SEMESTRE 06,Atrasado
55,QXD0008,SEMESTRE 02,SEMESTRE 06,Atrasado
55,QXD0012,SEMESTRE 03,SEMESTRE 06,Atrasado
55,QXD0115,SEMESTRE 03,SEMESTRE 07,Atrasado
55,QXD0040,SEMESTRE 03,SEMESTRE 07,Atrasado
55,QXD0017,SEMESTRE 03,SEMESTRE 07,Atrasado
55,QXD0114,SEMESTRE 03,SEMESTRE 07,Atrasado
55,QXD0119,SEMESTRE 05,SEMESTRE 08,Atrasado
55,QXD0019,SEMESTRE 06,SEMESTRE 08,Atrasado
55,QXD0017,SEMESTRE 03,SEMESTRE 08,Atrasado
55,QXD0041,SEMESTRE 04,SEMESTRE 08,Atrasado
55,QXD0046,SEMESTRE 06,SEMESTRE 08,Atrasado
55,QXD0025,SEMESTRE 05,SEMESTRE 09,Atrasado
55,QXD0119,SEMESTRE 05,SEMESTRE 09,Atrasado
55,QXD0019,SEMESTRE 06,SEMESTRE 09,Atrasado
55,QXD0120,SEMESTRE 05,SEMESTRE 09,Atrasado
55,QXD0114,SEMESTRE 03,SEMESTRE 09,Atrasado
55,QXD0019,SEMESTRE 06,SEMESTRE 10,Atrasado
55,QXD0037,SEMESTRE 06,SEMESTRE 10,Atrasado
55,QXD0043,SEMESTRE 06,SEMESTRE 10,Atrasado
55,QXD0046,SEMESTRE 06,SEMESTRE 10,Atrasado
55,QXD0025,SEMESTRE 05,SEMESTRE 11,Atrasado
55,QXD0119,SEMESTRE 05,SEMESTRE 11,Atrasado
55,QXD0120,SEMESTRE 05,SEMESTRE 11,Atrasado
55,QXD0110,SEMESTRE 07,SEMESTRE 11,Atrasado
55,QXD0119,SEMESTRE 05,SEMESTRE 12,Atrasado
55,QXD0029,SEMESTRE 07,SEMESTRE 12,Atrasado
55,QXD0110,SEMESTRE 07,SEMESTRE 12,Atrasado
55,QXD0043,SEMESTRE 06,SEMESTRE 12,Atrasado
55,QXD0025,SEMESTRE 05,SEMESTRE 13,Atrasado
55,QXD0114,SEMESTRE 03,SEMESTRE 13,Atrasado
55,QXD0110,SEMESTRE 07,SEMESTRE 13,Atrasado
55,QXD0043,SEMESTRE 06,SEMESTRE 13,Atrasado
55,QXD0119,SEMESTRE 05,SEMESTRE 14,Atrasado
55,QXD0110,SEMESTRE 07,SEMESTRE 14,Atrasado
55,QXD0025,SEMESTRE 05,SEMESTRE 15,Atrasado
55,QXD0119,SEMESTRE 05,SEMESTRE 15,Atrasado
55,QXD0110,SEMESTRE 07,SEMESTRE 15,Atrasado
55,QXD0029,SEMESTRE 07,SEMESTRE 16,Atrasado
55,QXD0110,SEMESTRE 07,SEMESTRE 16,Atrasado
56,QXD0109,SEMESTRE 01,SEMESTRE 02,Atrasado
56,QXD0007,SEMESTRE 02,SEMESTRE 03,Atrasado
56,QXD0038,SEMESTRE 06,SEMESTRE 04,Adiantado
56,QXD0007,SEMESTRE 02,SEMESTRE 04,Atrasado
56,QXD0029,SEMESTRE 07,SEMESTRE 05,Adiantado
56,QXD0010,SEMESTRE 02,SEMESTRE 05,Atrasado
56,QXD0040,SEMESTRE 03,SEMESTRE 05,Atrasado
56,QXD0017,SEMESTRE 03,SEMESTRE 05,Atrasado
56,QXD0114,SEMESTRE 03,SEMESTRE 05,Atrasado
56,QXD0116,SEMESTRE 04,SEMESTRE 06,Atrasado
56,QXD0017,SEMESTRE 03,SEMESTRE 06,Atrasado
56,QXD0007,SEMESTRE 02,SEMESTRE 06,Atrasado
56,QXD0010,SEMESTRE 02,SEMESTRE 07,Atrasado
56,QXD0017,SEMESTRE 03,SEMESTRE 07,Atrasado
56,QXD0109,SEMESTRE 01,SEMESTRE 07,Atrasado
56,QXD0007,SEMESTRE 02,SEMESTRE 07,Atrasado
56,QXD0021,SEMESTRE 05,SEMESTRE 07,Atrasado
56,QXD0116,SEMESTRE 04,SEMESTRE 08,Atrasado
56,QXD0010,SEMESTRE 02,SEMESTRE 08,Atrasado
56,QXD0038,SEMESTRE 06,SEMESTRE 08,Atrasado
56,QXD0043,SEMESTRE 06,SEMESTRE 08,Atrasado
56,QXD0017,SEMESTRE 03,SEMESTRE 09,Atrasado
56,QXD0114,SEMESTRE 03,SEMESTRE 09,Atrasado
56,QXD0011,SEMESTRE 04,SEMESTRE 10,Atrasado
56,QXD0109,SEMESTRE 01,SEMESTRE 10,Atrasado
56,QXD0010,SEMESTRE 02,SEMESTRE 11,Atrasado
56,QXD0040,SEMESTRE 03,SEMESTRE 11,Atrasado
56,QXD0017,SEMESTRE 03,SEMESTRE 11,Atrasado
56,QXD0007,SEMESTRE 02,SEMESTRE 11,Atrasado
56,QXD0116,SEMESTRE 04,SEMESTRE 12,Atrasado
56,QXD0038,SEMESTRE 06,SEMESTRE 12,Atrasado
56,QXD0109,SEMESTRE 01,SEMESTRE 12,Atrasado
58,QXD0011,SEMESTRE 04,SEMESTRE 02,Adiantado
58,QXD0001,SEMESTRE 01,SEMESTRE 02,Atrasado
58,QXD0056,SEMESTRE 01,SEMESTRE 02,Atrasado
58,QXD0109,SEMESTRE 01,SEMESTRE 02,Atrasado
58,QXD0001,SEMESTRE 01,SEMESTRE 03,Atrasado
58,QXD0008,SEMESTRE 02,SEMESTRE 03,Atrasado
58,QXD0109,SEMESTRE 01,SEMESTRE 03,Atrasado
58,QXD0013,SEMESTRE 02,SEMESTRE 03,Atrasado
58,QXD0008,SEMESTRE 02,SEMESTRE 04,Atrasado
58,QXD0013,SEMESTRE 02,SEMESTRE 04,Atrasado
58,QXD0008,SEMESTRE 02,SEMESTRE 05,Atrasado
58,QXD0116,SEMESTRE 04,SEMESTRE 06,Atrasado
58,QXD0008,SEMESTRE 02,SEMESTRE 07,Atrasado
58,QXD0021,SEMESTRE 05,SEMESTRE 07,Atrasado
58,QXD0008,SEMESTRE 02,SEMESTRE 08,Atrasado
58,QXD0012,SEMESTRE 03,SEMESTRE 08,Atrasado
58,QXD0012,SEMESTRE 03,SEMESTRE 09,Atrasado
58,QXD0013,SEMESTRE 02,SEMESTRE 09,Atrasado
58,QXD0008,SEMESTRE 02,SEMESTRE 10,Atrasado
61,QXD0001,SEMESTRE 01,SEMESTRE 02,Atrasado
61,QXD0056,SEMESTRE 01,SEMESTRE 02,Atrasado
61,QXD0109,SEMESTRE 01,SEMESTRE 02,Atrasado
61,QXD0029,SEMESTRE 07,SEMESTRE 03,Adiantado
61,QXD0010,SEMESTRE 02,SEMESTRE 03,Atrasado
61,QXD0038,SEMESTRE 06,SEMESTRE 03,Adiantado
61,QXD0008,SEMESTRE 02,SEMESTRE 03,Atrasado
61,QXD0007,SEMESTRE 02,SEMESTRE 03,Atrasado
61,QXD0008,SEMESTRE 02,SEMESTRE 04,Atrasado
61,QXD0109,SEMESTRE 01,SEMESTRE 04,Atrasado
61,QXD0116,SEMESTRE 04,SEMESTRE 05,Atrasado
61,QXD0014,SEMESTRE 04,SEMESTRE 05,Atrasado
61,QXD0115,SEMESTRE 03,SEMESTRE 05,Atrasado
61,QXD0109,SEMESTRE 01,SEMESTRE 05,Atrasado
61,QXD0012,SEMESTRE 03,SEMESTRE 05,Atrasado
61,QXD0116,SEMESTRE 04,SEMESTRE 06,Atrasado
61,QXD0011,SEMESTRE 04,SEMESTRE 06,Atrasado
61,QXD0040,SEMESTRE 03,SEMESTRE 06,Atrasado
61,QXD0017,SEMESTRE 03,SEMESTRE 06,Atrasado
61,QXD0116,SEMESTRE 04,SEMESTRE 07,Atrasado
61,QXD0040,SEMESTRE 03,SEMESTRE 07,Atrasado
61,QXD0109,SEMESTRE 01,SEMESTRE 07,Atrasado
61,QXD0114,SEMESTRE 03,SEMESTRE 07,Atrasado
61,QXD0041,SEMESTRE 04,SEMESTRE 07,Atrasado
61,QXD0006,SEMESTRE 02,SEMESTRE 08,Atrasado
61,QXD0037,SEMESTRE 06,SEMESTRE 08,Atrasado
61,QXD0016,SEMESTRE 04,SEMESTRE 08,Atrasado
61,QXD0021,SEMESTRE 05,SEMESTRE 08,Atrasado
61,QXD0046,SEMESTRE 06,SEMESTRE 08,Atrasado
61,QXD0025,SEMESTRE 05,SEMESTRE 09,Atrasado
61,QXD0119,SEMESTRE 05,SEMESTRE 09,Atrasado
61,QXD0120,SEMESTRE 05,SEMESTRE 09,Atrasado
61,QXD0110,SEMESTRE 07,SEMESTRE 09,Atrasado
61,QXD0025,SEMESTRE 05,SEMESTRE 10,Atrasado
61,QXD0110,SEMESTRE 07,SEMESTRE 10,Atrasado
61,QXD0025,SEMESTRE 05,SEMESTRE 11,Atrasado
61,QXD0119,SEMESTRE 05,SEMESTRE 11,Atrasado
61,QXD0120,SEMESTRE 05,SEMESTRE 11,Atrasado
61,QXD0110,SEMESTRE 07,SEMESTRE 11,Atrasado
61,QXD0119,SEMESTRE 05,SEMESTRE 12,Atrasado
61,QXD0025,SEMESTRE 05,SEMESTRE 13,Atrasado
61,QXD0119,SEMESTRE 05,SEMESTRE 13,Atrasado
61,QXD0006,SEMESTRE 02,SEMESTRE 15,Atrasado
63,QXD0008,SEMESTRE 02,SEMESTRE 03,Atrasado
63,QXD0007,SEMESTRE 02,SEMESTRE 03,Atrasado
63,QXD0020,SEMESTRE 05,SEMESTRE 04,Adiantado
63,QXD0040,SEMESTRE 03,SEMESTRE 04,Atrasado
63,QXD0011,SEMESTRE 04,SEMESTRE 05,Atrasado
63,QXD0017,SEMESTRE 03,SEMESTRE 05,Atrasado
63,QXD0041,SEMESTRE 04,SEMESTRE 05,Atrasado
63,QXD0014,SEMESTRE 04,SEMESTRE 06,Atrasado
63,QXD0020,SEMESTRE 05,SEMESTRE 06,Atrasado
63,QXD0017,SEMESTRE 03,SEMESTRE 06,Atrasado
63,QXD0041,SEMESTRE 04,SEMESTRE 06,Atrasado
63,QXD0006,SEMESTRE 02,SEMESTRE 07,Atrasado
63,QXD0020,SEMESTRE 05,SEMESTRE 07,Atrasado
63,QXD0011,SEMESTRE 04,SEMESTRE 07,Atrasado
63,QXD0021,SEMESTRE 05,SEMESTRE 07,Atrasado
63,QXD0013,SEMESTRE 02,SEMESTRE 07,Atrasado
63,QXD0116,SEMESTRE 04,SEMESTRE 08,Atrasado
63,QXD0014,SEMESTRE 04,SEMESTRE 08,Atrasado
63,QXD0029,SEMESTRE 07,SEMESTRE 08,Atrasado
63,QXD0011,SEMESTRE 04,SEMESTRE 08,Atrasado
63,QXD0037,SEMESTRE 06,SEMESTRE 08,Atrasado
63,QXD0046,SEMESTRE 06,SEMESTRE 08,Atrasado
63,QXD0006,SEMESTRE 02,SEMESTRE 09,Atrasado
63,QXD0025,SEMESTRE 05,SEMESTRE 09,Atrasado
63,QXD0011,SEMESTRE 04,SEMESTRE 09,Atrasado
63,QXD0110,SEMESTRE 07,SEMESTRE 09,Atrasado
63,QXD0013,SEMESTRE 02,SEMESTRE 09,Atrasado
63,QXD0116,SEMESTRE 04,SEMESTRE 10,Atrasado
63,QXD0006,SEMESTRE 02,SEMESTRE 10,Atrasado
63,QXD0011,SEMESTRE 04,SEMESTRE 10,Atrasado
63,QXD0037,SEMESTRE 06,SEMESTRE 10,Atrasado
63,QXD0013,SEMESTRE 02,SEMESTRE 10,Atrasado
63,QXD0046,SEMESTRE 06,SEMESTRE 10,Atrasado
64,QXD0005,SEMESTRE 01,SEMESTRE 02,Atrasado
64,QXD0056,SEMESTRE 01,SEMESTRE 02,Atrasado
64,QXD0109,SEMESTRE 01,SEMESTRE 02,Atrasado
64,QXD0029,SEMESTRE 07,SEMESTRE 03,Adiantado
64,QXD0103,SEMESTRE 01,SEMESTRE 03,Atrasado
64,QXD0001,SEMESTRE 01,SEMESTRE 03,Atrasado
64,QXD0108,SEMESTRE 01,SEMESTRE 03,Atrasado
66,QXD0006,SEMESTRE 02,SEMESTRE 03,Atrasado
66,QXD0008,SEMESTRE 02,SEMESTRE 03,Atrasado
66,QXD0007,SEMESTRE 02,SEMESTRE 03,Atrasado
66,QXD0013,SEMESTRE 02,SEMESTRE 03,Atrasado
67,QXD0017,SEMESTRE 03,SEMESTRE 04,Atrasado
67,QXD0041,SEMESTRE 04,SEMESTRE 05,Atrasado
67,QXD0020,SEMESTRE 05,SEMESTRE 06,Atrasado
67,QXD0041,SEMESTRE 04,SEMESTRE 06,Atrasado
67,QXD0021,SEMESTRE 05,SEMESTRE 06,Atrasado
67,QXD0025,SEMESTRE 05,SEMESTRE 07,Atrasado
67,QXD0119,SEMESTRE 05,SEMESTRE 07,Atrasado
67,QXD0020,SEMESTRE 05,SEMESTRE 07,Atrasado
67,QXD0120,SEMESTRE 05,SEMESTRE 07,Atrasado
67,QXD0043,SEMESTRE 06,SEMESTRE 07,Atrasado
67,QXD0020,SEMESTRE 05,SEMESTRE 08,Atrasado
67,QXD0037,SEMESTRE 06,SEMESTRE 08,Atrasado
67,QXD0043,SEMESTRE 06,SEMESTRE 08,Atrasado
67,QXD0046,SEMESTRE 06,SEMESTRE 08,Atrasado
67,QXD0025,SEMESTRE 05,SEMESTRE 09,Atrasado
67,QXD0120,SEMESTRE 05,SEMESTRE 09,Atrasado
67,QXD0119,SEMESTRE 05,SEMESTRE 10,Atrasado
67,QXD0110,SEMESTRE 07,SEMESTRE 10,Atrasado
67,QXD0046,SEMESTRE 06,SEMESTRE 10,Atrasado
67,QXD0025,SEMESTRE 05,SEMESTRE 11,Atrasado
67,QXD0119,SEMESTRE 05,SEMESTRE 11,Atrasado
67,QXD0119,SEMESTRE 05,SEMESTRE 12,Atrasado
67,QXD0046,SEMESTRE 06,SEMESTRE 12,Atrasado
68,QXD0011,SEMESTRE 04,SEMESTRE 02,Adiantado
69,QXD0116,SEMESTRE 04,SEMESTRE 02,Adiantado
69,QXD0005,SEMESTRE 01,SEMESTRE 02,Atrasado
69,QXD0011,SEMESTRE 04,SEMESTRE 02,Adiantado
69,QXD0056,SEMESTRE 01,SEMESTRE 02,Atrasado
69,QXD0109,SEMESTRE 01,SEMESTRE 02,Atrasado
69,QXD0011,SEMESTRE 04,SEMESTRE 03,Adiantado
69,QXD0109,SEMESTRE 01,SEMESTRE 03,Atrasado
69,QXD0007,SEMESTRE 02,SEMESTRE 03,Atrasado
69,QXD0010,SEMESTRE 02,SEMESTRE 04,Atrasado
69,QXD0038,SEMESTRE 06,SEMESTRE 04,Adiantado
69,QXD0007,SEMESTRE 02,SEMESTRE 04,Atrasado
69,QXD0116,SEMESTRE 04,SEMESTRE 05,Atrasado
69,QXD0029,SEMESTRE 07,SEMESTRE 05,Adiantado
69,QXD0008,SEMESTRE 02,SEMESTRE 05,Atrasado
69,QXD0012,SEMESTRE 03,SEMESTRE 05,Atrasado
69,QXD0114,SEMESTRE 03,SEMESTRE 05,Atrasado
69,QXD0007,SEMESTRE 02,SEMESTRE 05,Atrasado
70,QXD0001,SEMESTRE 01,SEMESTRE 02,Atrasado
70,QXD0056,SEMESTRE 01,SEMESTRE 02,Atrasado
70,QXD0109,SEMESTRE 01,SEMESTRE 02,Atrasado
70,QXD0029,SEMESTRE 07,SEMESTRE 03,Adiantado
70,QXD0010,SEMESTRE 02,SEMESTRE 03,Atrasado
70,QXD0038,SEMESTRE 06,SEMESTRE 03,Adiantado
70,QXD0008,SEMESTRE 02,SEMESTRE 03,Atrasado
70,QXD0007,SEMESTRE 02,SEMESTRE 03,Atrasado
70,QXD0008,SEMESTRE 02,SEMESTRE 04,Atrasado
70,QXD0007,SEMESTRE 02,SEMESTRE 04,Atrasado
73,QXD0005,SEMESTRE 01,SEMESTRE 02,Atrasado
73,QXD0001,SEMESTRE 01,SEMESTRE 02,Atrasado
73,QXD0056,SEMESTRE 01,SEMESTRE 02,Atrasado
73,QXD0109,SEMESTRE 01,SEMESTRE 02,Atrasado
73,QXD0011,SEMESTRE 04,SEMESTRE 03,Adiantado
73,QXD0001,SEMESTRE 01,SEMESTRE 03,Atrasado
73,QXD0008,SEMESTRE 02,SEMESTRE 03,Atrasado
73,QXD0021,SEMESTRE 05,SEMESTRE 03,Adiantado
73,QXD0008,SEMESTRE 02,SEMESTRE 04,Atrasado
73,QXD0109,SEMESTRE 01,SEMESTRE 04,Atrasado
73,QXD0012,SEMESTRE 03,SEMESTRE 04,Atrasado
74,QXD0005,SEMESTRE 01,SEMESTRE 02,Atrasado
74,QXD0001,SEMESTRE 01,SEMESTRE 02,Atrasado
74,QXD0056,SEMESTRE 01,SEMESTRE 02,Atrasado
76,QXD0005,SEMESTRE 01,SEMESTRE 02,Atrasado
76,QXD0103,SEMESTRE 01,SEMESTRE 02,Atrasado
76,QXD0001,SEMESTRE 01,SEMESTRE 02,Atrasado
76,QXD0056,SEMESTRE 01,SEMESTRE 02,Atrasado
76,QXD0109,SEMESTRE 01,SEMESTRE 02,Atrasado
76,QXD0001,SEMESTRE 01,SEMESTRE 03,Atrasado
76,QXD0108,SEMESTRE 01,SEMESTRE 03,Atrasado
76,QXD0005,SEMESTRE 01,SEMESTRE 04,Atrasado
76,QXD0008,SEMESTRE 02,SEMESTRE 04,Atrasado
76,QXD0109,SEMESTRE 01,SEMESTRE 04,Atrasado
77,QXD0037,SEMESTRE 06,SEMESTRE 04,Adiantado
77,QXD0029,SEMESTRE 07,SEMESTRE 06,Adiantado
77,QXD0038,SEMESTRE 06,SEMESTRE 08,Atrasado
77,QXD0043,SEMESTRE 06,SEMESTRE 08,Atrasado
78,QXD0011,SEMESTRE 04,SEMESTRE 02,Adiantado
78,QXD0001,SEMESTRE 01,SEMESTRE 02,Atrasado
78,QXD0056,SEMESTRE 01,SEMESTRE 02,Atrasado
78,QXD0109,SEMESTRE 01,SEMESTRE 02,Atrasado
78,QXD0029,SEMESTRE 07,SEMESTRE 03,Adiantado
78,QXD0010,SEMESTRE 02,SEMESTRE 03,Atrasado
78,QXD0008,SEMESTRE 02,SEMESTRE 03,Atrasado
78,QXD0007,SEMESTRE 02,SEMESTRE 03,Atrasado
78,QXD0013,SEMESTRE 02,SEMESTRE 03,Atrasado
78,QXD0010,SEMESTRE 02,SEMESTRE 04,Atrasado
78,QXD0008,SEMESTRE 02,SEMESTRE 04,Atrasado
78,QXD0109,SEMESTRE 01,SEMESTRE 04,Atrasado
78,QXD0007,SEMESTRE 02,SEMESTRE 04,Atrasado
78,QXD0013,SEMESTRE 02,SEMESTRE 04,Atrasado
78,QXD0019,SEMESTRE 06,SEMESTRE 05,Adiantado
78,QXD0008,SEMESTRE 02,SEMESTRE 05,Atrasado
78,QXD0012,SEMESTRE 03,SEMESTRE 05,Atrasado
78,QXD0007,SEMESTRE 02,SEMESTRE 05,Atrasado
78,QXD0013,SEMESTRE 02,SEMESTRE 05,Atrasado
78,QXD0116,SEMESTRE 04,SEMESTRE 06,Atrasado
78,QXD0006,SEMESTRE 02,SEMESTRE 06,Atrasado
78,QXD0029,SEMESTRE 07,SEMESTRE 06,Adiantado
78,QXD0008,SEMESTRE 02,SEMESTRE 06,Atrasado
78,QXD0008,SEMESTRE 02,SEMESTRE 07,Atrasado
78,QXD0114,SEMESTRE 03,SEMESTRE 07,Atrasado
78,QXD0013,SEMESTRE 02,SEMESTRE 07,Atrasado
78,QXD0007,SEMESTRE 02,SEMESTRE 08,Atrasado
78,QXD0013,SEMESTRE 02,SEMESTRE 08,Atrasado
79,QXD0005,SEMESTRE 01,SEMESTRE 02,Atrasado
79,QXD0001,SEMESTRE 01,SEMESTRE 02,Atrasado
79,QXD0056,SEMESTRE 01,SEMESTRE 02,Atrasado
80,QXD0001,SEMESTRE 01,SEMESTRE 02,Atrasado
80,QXD0109,SEMESTRE 01,SEMESTRE 02,Atrasado
80,QXD0010,SEMESTRE 02,SEMESTRE 03,Atrasado
80,QXD0007,SEMESTRE 02,SEMESTRE 03,Atrasado
80,QXD0006,SEMESTRE 02,SEMESTRE 04,Atrasado
80,QXD0010,SEMESTRE 02,SEMESTRE 04,Atrasado
80,QXD0017,SEMESTRE 03,SEMESTRE 04,Atrasado
80,QXD0007,SEMESTRE 02,SEMESTRE 04,Atrasado
80,QXD0046,SEMESTRE 06,SEMESTRE 04,Adiantado
80,QXD0029,SEMESTRE 07,SEMESTRE 05,Adiantado
80,QXD0010,SEMESTRE 02,SEMESTRE 05,Atrasado
80,QXD0038,SEMESTRE 06,SEMESTRE 05,Adiantado
80,QXD0012,SEMESTRE 03,SEMESTRE 05,Atrasado
80,QXD0114,SEMESTRE 03,SEMESTRE 05,Atrasado
80,QXD0116,SEMESTRE 04,SEMESTRE 06,Atrasado
80,QXD0014,SEMESTRE 04,SEMESTRE 06,Atrasado
80,QXD0011,SEMESTRE 04,SEMESTRE 06,Atrasado
80,QXD0016,SEMESTRE 04,SEMESTRE 06,Atrasado
80,QXD0041,SEMESTRE 04,SEMESTRE 06,Atrasado
80,QXD0020,SEMESTRE 05,SEMESTRE 07,Atrasado
80,QXD0115,SEMESTRE 03,SEMESTRE 07,Atrasado
80,QXD0011,SEMESTRE 04,SEMESTRE 07,Atrasado
80,QXD0041,SEMESTRE 04,SEMESTRE 07,Atrasado
80,QXD0021,SEMESTRE 05,SEMESTRE 07,Atrasado
80,QXD0116,SEMESTRE 04,SEMESTRE 08,Atrasado
80,QXD0014,SEMESTRE 04,SEMESTRE 08,Atrasado
80,QXD0006,SEMESTRE 02,SEMESTRE 08,Atrasado
80,QXD0019,SEMESTRE 06,SEMESTRE 08,Atrasado
80,QXD0046,SEMESTRE 06,SEMESTRE 08,Atrasado
80,QXD0025,SEMESTRE 05,SEMESTRE 09,Atrasado
80,QXD0115,SEMESTRE 03,SEMESTRE 09,Atrasado
80,QXD0120,SEMESTRE 05,SEMESTRE 09,Atrasado
80,QXD0110,SEMESTRE 07,SEMESTRE 09,Atrasado
80,QXD0025,SEMESTRE 05,SEMESTRE 10,Atrasado
80,QXD0037,SEMESTRE 06,SEMESTRE 10,Atrasado
80,QXD0025,SEMESTRE 05,SEMESTRE 11,Atrasado
80,QXD0119,SEMESTRE 05,SEMESTRE 11,Atrasado
80,QXD0115,SEMESTRE 03,SEMESTRE 11,Atrasado
80,QXD0043,SEMESTRE 06,SEMESTRE 11,Atrasado
80,QXD0006,SEMESTRE 02,SEMESTRE 12,Atrasado
80,QXD0119,SEMESTRE 05,SEMESTRE 12,Atrasado
80,QXD0037,SEMESTRE 06,SEMESTRE 12,Atrasado
80,QXD0043,SEMESTRE 06,SEMESTRE 12,Atrasado
80,QXD0025,SEMESTRE 05,SEMESTRE 13,Atrasado
80,QXD0119,SEMESTRE 05,SEMESTRE 13,Atrasado
80,QXD0115,SEMESTRE 03,SEMESTRE 13,Atrasado
80,QXD0120,SEMESTRE 05,SEMESTRE 13,Atrasado
80,QXD0043,SEMESTRE 06,SEMESTRE 14,Atrasado
80,QXD0025,SEMESTRE 05,SEMESTRE 15,Atrasado
80,QXD0119,SEMESTRE 05,SEMESTRE 15,Atrasado
80,QXD0115,SEMESTRE 03,SEMESTRE 15,Atrasado
80,QXD0043,SEMESTRE 06,SEMESTRE 16,Atrasado
80,QXD0025,SEMESTRE 05,SEMESTRE 17,Atrasado
81,QXD0025,SEMESTRE 05,SEMESTRE 06,Atrasado
81,QXD0120,SEMESTRE 05,SEMESTRE 06,Atrasado
81,QXD0021,SEMESTRE 05,SEMESTRE 06,Atrasado
81,QXD0037,SEMESTRE 06,SEMESTRE 07,Atrasado
81,QXD0038,SEMESTRE 06,SEMESTRE 07,Atrasado
81,QXD0043,SEMESTRE 06,SEMESTRE 07,Atrasado
83,QXD0119,SEMESTRE 05,SEMESTRE 07,Atrasado
83,QXD0019,SEMESTRE 06,SEMESTRE 08,Atrasado
83,QXD0110,SEMESTRE 07,SEMESTRE 08,Atrasado
83,QXD0110,SEMESTRE 07,SEMESTRE 10,Atrasado
83,QXD0110,SEMESTRE 07,SEMESTRE 12,Atrasado
83,QXD0110,SEMESTRE 07,SEMESTRE 13,Atrasado
83,QXD0110,SEMESTRE 07,SEMESTRE 14,Atrasado
83,QXD0110,SEMESTRE 07,SEMESTRE 15,Atrasado
86,QXD0029,SEMESTRE 07,SEMESTRE 03,Adiantado
86,QXD0010,SEMESTRE 02,SEMESTRE 03,Atrasado
86,QXD0008,SEMESTRE 02,SEMESTRE 03,Atrasado
86,QXD0007,SEMESTRE 02,SEMESTRE 03,Atrasado
86,QXD0013,SEMESTRE 02,SEMESTRE 03,Atrasado
86,QXD0006,SEMESTRE 02,SEMESTRE 04,Atrasado
86,QXD0040,SEMESTRE 03,SEMESTRE 04,Atrasado
86,QXD0017,SEMESTRE 03,SEMESTRE 04,Atrasado
86,QXD0013,SEMESTRE 02,SEMESTRE 04,Atrasado
86,QXD0115,SEMESTRE 03,SEMESTRE 05,Atrasado
86,QXD0011,SEMESTRE 04,SEMESTRE 05,Atrasado
86,QXD0016,SEMESTRE 04,SEMESTRE 05,Atrasado
86,QXD0012,SEMESTRE 03,SEMESTRE 05,Atrasado
86,QXD0041,SEMESTRE 04,SEMESTRE 05,Atrasado
86,QXD0116,SEMESTRE 04,SEMESTRE 06,Atrasado
86,QXD0014,SEMESTRE 04,SEMESTRE 06,Atrasado
86,QXD0025,SEMESTRE 05,SEMESTRE 07,Atrasado
86,QXD0119,SEMESTRE 05,SEMESTRE 07,Atrasado
86,QXD0115,SEMESTRE 03,SEMESTRE 07,Atrasado
86,QXD0120,SEMESTRE 05,SEMESTRE 07,Atrasado
86,QXD0041,SEMESTRE 04,SEMESTRE 07,Atrasado
86,QXD0013,SEMESTRE 02,SEMESTRE 07,Atrasado
86,QXD0006,SEMESTRE 02,SEMESTRE 08,Atrasado
86,QXD0025,SEMESTRE 05,SEMESTRE 08,Atrasado
86,QXD0046,SEMESTRE 06,SEMESTRE 08,Atrasado
86,QXD0119,SEMESTRE 05,SEMESTRE 09,Atrasado
86,QXD0120,SEMESTRE 05,SEMESTRE 09,Atrasado
86,QXD0110,SEMESTRE 07,SEMESTRE 09,Atrasado
86,QXD0013,SEMESTRE 02,SEMESTRE 09,Atrasado
86,QXD0119,SEMESTRE 05,SEMESTRE 10,Atrasado
86,QXD0037,SEMESTRE 06,SEMESTRE 10,Atrasado
86,QXD0043,SEMESTRE 06,SEMESTRE 10,Atrasado
86,QXD0046,SEMESTRE 06,SEMESTRE 10,Atrasado
86,QXD0110,SEMESTRE 07,SEMESTRE 11,Atrasado
86,QXD0043,SEMESTRE 06,SEMESTRE 11,Atrasado
86,QXD0043,SEMESTRE 06,SEMESTRE 12,Atrasado
88,QXD0116,SEMESTRE 04,SEMESTRE 02,Adiantado
88,QXD0005,SEMESTRE 01,SEMESTRE 02,Atrasado
88,QXD0011,SEMESTRE 04,SEMESTRE 02,Adiantado
88,QXD0056,SEMESTRE 01,SEMESTRE 02,Atrasado
88,QXD0109,SEMESTRE 01,SEMESTRE 02,Atrasado
88,QXD0005,SEMESTRE 01,SEMESTRE 03,Atrasado
88,QXD0103,SEMESTRE 01,SEMESTRE 03,Atrasado
88,QXD0108,SEMESTRE 01,SEMESTRE 03,Atrasado
88,QXD0007,SEMESTRE 02,SEMESTRE 03,Atrasado
88,QXD0010,SEMESTRE 02,SEMESTRE 04,Atrasado
88,QXD0008,SEMESTRE 02,SEMESTRE 04,Atrasado
88,QXD0109,SEMESTRE 01,SEMESTRE 04,Atrasado
88,QXD0013,SEMESTRE 02,SEMESTRE 04,Atrasado
88,QXD0010,SEMESTRE 02,SEMESTRE 05,Atrasado
88,QXD0011,SEMESTRE 04,SEMESTRE 05,Atrasado
88,QXD0114,SEMESTRE 03,SEMESTRE 05,Atrasado
88,QXD0013,SEMESTRE 02,SEMESTRE 05,Atrasado
90,QXD0005,SEMESTRE 01,SEMESTRE 02,Atrasado
90,QXD0001,SEMESTRE 01,SEMESTRE 02,Atrasado
90,QXD0056,SEMESTRE 01,SEMESTRE 02,Atrasado
90,QXD0109,SEMESTRE 01,SEMESTRE 02,Atrasado
90,QXD0029,SEMESTRE 07,SEMESTRE 03,Adiantado
90,QXD0010,SEMESTRE 02,SEMESTRE 03,Atrasado
90,QXD0008,SEMESTRE 02,SEMESTRE 03,Atrasado
90,QXD0007,SEMESTRE 02,SEMESTRE 03,Atrasado
90,QXD0013,SEMESTRE 02,SEMESTRE 03,Atrasado
90,QXD0010,SEMESTRE 02,SEMESTRE 04,Atrasado
90,QXD0008,SEMESTRE 02,SEMESTRE 04,Atrasado
90,QXD0109,SEMESTRE 01,SEMESTRE 04,Atrasado
90,QXD0012,SEMESTRE 03,SEMESTRE 04,Atrasado
90,QXD0013,SEMESTRE 02,SEMESTRE 04,Atrasado
90,QXD0040,SEMESTRE 03,SEMESTRE 05,Atrasado
90,QXD0017,SEMESTRE 03,SEMESTRE 05,Atrasado
90,QXD0114,SEMESTRE 03,SEMESTRE 05,Atrasado
90,QXD0013,SEMESTRE 02,SEMESTRE 05,Atrasado
90,QXD0020,SEMESTRE 05,SEMESTRE 06,Atrasado
90,QXD0109,SEMESTRE 01,SEMESTRE 06,Atrasado
90,QXD0006,SEMESTRE 02,SEMESTRE 07,Atrasado
90,QXD0011,SEMESTRE 04,SEMESTRE 07,Atrasado
90,QXD0040,SEMESTRE 03,SEMESTRE 07,Atrasado
90,QXD0017,SEMESTRE 03,SEMESTRE 07,Atrasado
90,QXD0114,SEMESTRE 03,SEMESTRE 07,Atrasado
90,QXD0116,SEMESTRE 04,SEMESTRE 08,Atrasado
90,QXD0014,SEMESTRE 04,SEMESTRE 08,Atrasado
90,QXD0006,SEMESTRE 02,SEMESTRE 08,Atrasado
90,QXD0010,SEMESTRE 02,SEMESTRE 08,Atrasado
90,QXD0017,SEMESTRE 03,SEMESTRE 08,Atrasado
90,QXD0043,SEMESTRE 06,SEMESTRE 08,Atrasado
90,QXD0006,SEMESTRE 02,SEMESTRE 09,Atrasado
90,QXD0020,SEMESTRE 05,SEMESTRE 09,Atrasado
90,QXD0019,SEMESTRE 06,SEMESTRE 09,Atrasado
90,QXD0010,SEMESTRE 02,SEMESTRE 09,Atrasado
90,QXD0016,SEMESTRE 04,SEMESTRE 09,Atrasado
90,QXD0021,SEMESTRE 05,SEMESTRE 09,Atrasado
90,QXD0006,SEMESTRE 02,SEMESTRE 10,Atrasado
90,QXD0037,SEMESTRE 06,SEMESTRE 10,Atrasado
90,QXD0040,SEMESTRE 03,SEMESTRE 10,Atrasado
90,QXD0006,SEMESTRE 02,SEMESTRE 11,Atrasado
90,QXD0025,SEMESTRE 05,SEMESTRE 11,Atrasado
90,QXD0115,SEMESTRE 03,SEMESTRE 11,Atrasado
90,QXD0108,SEMESTRE 01,SEMESTRE 11,Atrasado
90,QXD0116,SEMESTRE 04,SEMESTRE 12,Atrasado
90,QXD0025,SEMESTRE 05,SEMESTRE 12,Atrasado
90,QXD0041,SEMESTRE 04,SEMESTRE 12,Atrasado
90,QXD0046,SEMESTRE 06,SEMESTRE 12,Atrasado
91,QXD0005,SEMESTRE 01,SEMESTRE 02,Atrasado
91,QXD0001,SEMESTRE 01,SEMESTRE 02,Atrasado
91,QXD0056,SEMESTRE 01,SEMESTRE 02,Atrasado
91,QXD0109,SEMESTRE 01,SEMESTRE 02,Atrasado
91,QXD0021,SEMESTRE 05,SEMESTRE 02,Adiantado
91,QXD0005,SEMESTRE 01,SEMESTRE 03,Atrasado
91,QXD0001,SEMESTRE 01,SEMESTRE 03,Atrasado
91,QXD0056,SEMESTRE 01,SEMESTRE 03,Atrasado
91,QXD0109,SEMESTRE 01,SEMESTRE 03,Atrasado
97,QXD0005,SEMESTRE 01,SEMESTRE 02,Atrasado
97,QXD0011,SEMESTRE 04,SEMESTRE 02,Adiantado
97,QXD0001,SEMESTRE 01,SEMESTRE 02,Atrasado
97,QXD0056,SEMESTRE 01,SEMESTRE 02,Atrasado
97,QXD0109,SEMESTRE 01,SEMESTRE 02,Atrasado
97,QXD0021,SEMESTRE 05,SEMESTRE 03,Adiantado
100,QXD0005,SEMESTRE 01,SEMESTRE 02,Atrasado
100,QXD0011,SEMESTRE 04,SEMESTRE 02,Adiantado
100,QXD0001,SEMESTRE 01,SEMESTRE 02,Atrasado
100,QXD0056,SEMESTRE 01,SEMESTRE 02,Atrasado
100,QXD0001,SEMESTRE 01,SEMESTRE 04,Atrasado
101,QXD0006,SEMESTRE 02,SEMESTRE 03,Atrasado
101,QXD0010,SEMESTRE 02,SEMESTRE 03,Atrasado
101,QXD0008,SEMESTRE 02,SEMESTRE 03,Atrasado
101,QXD0007,SEMESTRE 02,SEMESTRE 03,Atrasado
101,QXD0013,SEMESTRE 02,SEMESTRE 03,Atrasado
101,QXD0006,SEMESTRE 02,SEMESTRE 04,Atrasado
101,QXD0040,SEMESTRE 03,SEMESTRE 04,Atrasado
101,QXD0017,SEMESTRE 03,SEMESTRE 04,Atrasado
101,QXD0012,SEMESTRE 03,SEMESTRE 04,Atrasado
101,QXD0006,SEMESTRE 02,SEMESTRE 05,Atrasado
101,QXD0040,SEMESTRE 03,SEMESTRE 05,Atrasado
101,QXD0013,SEMESTRE 02,SEMESTRE 05,Atrasado
101,QXD0029,SEMESTRE 07,SEMESTRE 06,Adiantado
101,QXD0011,SEMESTRE 04,SEMESTRE 06,Atrasado
101,QXD0016,SEMESTRE 04,SEMESTRE 06,Atrasado
101,QXD0017,SEMESTRE 03,SEMESTRE 06,Atrasado
101,QXD0013,SEMESTRE 02,SEMESTRE 06,Atrasado
101,QXD0025,SEMESTRE 05,SEMESTRE 07,Atrasado
101,QXD0115,SEMESTRE 03,SEMESTRE 07,Atrasado
101,QXD0114,SEMESTRE 03,SEMESTRE 07,Atrasado
101,QXD0021,SEMESTRE 05,SEMESTRE 07,Atrasado
101,QXD0013,SEMESTRE 02,SEMESTRE 07,Atrasado
102,QXD0007,SEMESTRE 02,SEMESTRE 03,Atrasado
102,QXD0040,SEMESTRE 03,SEMESTRE 04,Atrasado
102,QXD0017,SEMESTRE 03,SEMESTRE 04,Atrasado
102,QXD0013,SEMESTRE 02,SEMESTRE 04,Atrasado
102,QXD0116,SEMESTRE 04,SEMESTRE 05,Atrasado
102,QXD0014,SEMESTRE 04,SEMESTRE 05,Atrasado
102,QXD0041,SEMESTRE 04,SEMESTRE 05,Atrasado
102,QXD0029,SEMESTRE 07,SEMESTRE 06,Adiantado
102,QXD0013,SEMESTRE 02,SEMESTRE 06,Atrasado
103,QXD0005,SEMESTRE 01,SEMESTRE 02,Atrasado
103,QXD0056,SEMESTRE 01,SEMESTRE 02,Atrasado
103,QXD0109,SEMESTRE 01,SEMESTRE 02,Atrasado
103,QXD0019,SEMESTRE 06,SEMESTRE 03,Adiantado
103,QXD0021,SEMESTRE 05,SEMESTRE 03,Adiantado
104,QXD0001,SEMESTRE 01,SEMESTRE 02,Atrasado
104,QXD0056,SEMESTRE 01,SEMESTRE 02,Atrasado
104,QXD0109,SEMESTRE 01,SEMESTRE 02,Atrasado
104,QXD0029,SEMESTRE 07,SEMESTRE 03,Adiantado
104,QXD0008,SEMESTRE 02,SEMESTRE 03,Atrasado
104,QXD0109,SEMESTRE 01,SEMESTRE 03,Atrasado
104,QXD0005,SEMESTRE 01,SEMESTRE 04,Atrasado
104,QXD0001,SEMESTRE 01,SEMESTRE 04,Atrasado
104,QXD0008,SEMESTRE 02,SEMESTRE 04,Atrasado
104,QXD0005,SEMESTRE 01,SEMESTRE 05,Atrasado
104,QXD0001,SEMESTRE 01,SEMESTRE 05,Atrasado
104,QXD0012,SEMESTRE 03,SEMESTRE 05,Atrasado
104,QXD0114,SEMESTRE 03,SEMESTRE 05,Atrasado
104,QXD0116,SEMESTRE 04,SEMESTRE 06,Atrasado
104,QXD0001,SEMESTRE 01,SEMESTRE 06,Atrasado
104,QXD0008,SEMESTRE 02,SEMESTRE 06,Atrasado
104,QXD0109,SEMESTRE 01,SEMESTRE 06,Atrasado
104,QXD0010,SEMESTRE 02,SEMESTRE 07,Atrasado
104,QXD0008,SEMESTRE 02,SEMESTRE 07,Atrasado
104,QXD0114,SEMESTRE 03,SEMESTRE 07,Atrasado
104,QXD0007,SEMESTRE 02,SEMESTRE 07,Atrasado
104,QXD0021,SEMESTRE 05,SEMESTRE 07,Atrasado
105,QXD0116,SEMESTRE 04,SEMESTRE 02,Adiantado
105,QXD0109,SEMESTRE 01,SEMESTRE 02,Atrasado
105,QXD0014,SEMESTRE 04,SEMESTRE 03,Adiantado
105,QXD0019,SEMESTRE 06,SEMESTRE 04,Adiantado
107,QXD0005,SEMESTRE 01,SEMESTRE 02,Atrasado
107,QXD0001,SEMESTRE 01,SEMESTRE 02,Atrasado
107,QXD0056,SEMESTRE 01,SEMESTRE 02,Atrasado
107,QXD0001,SEMESTRE 01,SEMESTRE 03,Atrasado
107,QXD0038,SEMESTRE 06,SEMESTRE 03,Adiantado
107,QXD0008,SEMESTRE 02,SEMESTRE 03,Atrasado
107,QXD0109,SEMESTRE 01,SEMESTRE 03,Atrasado
107,QXD0021,SEMESTRE 05,SEMESTRE 03,Adiantado
107,QXD0001,SEMESTRE 01,SEMESTRE 04,Atrasado
112,QXD0011,SEMESTRE 04,SEMESTRE 03,Adiantado
112,QXD0006,SEMESTRE 02,SEMESTRE 04,Atrasado
112,QXD0040,SEMESTRE 03,SEMESTRE 04,Atrasado
112,QXD0017,SEMESTRE 03,SEMESTRE 05,Atrasado
112,QXD0041,SEMESTRE 04,SEMESTRE 05,Atrasado
112,QXD0017,SEMESTRE 03,SEMESTRE 06,Atrasado
